ROUGE-1,ROUGE-2,ROUGE-L,BERTScore F1
0.5405405405405405,0.4,0.4864864864864865,0.7423866391181946
